{
"sites": [
{
"key": "js豆瓣",
"name": "豆瓣推荐",
"type": 3,
"api": "http://v.tvfan.top:88/tvbox/js/drpy.min.js",
"ext": "http://v.tvfan.top:88/tvbox/js/drpy.js",
"searchable": 0,
"quickSearch": 0,
"filterable": 0
},
{
"key": "csp_Bili",
"name": "哔哔合集",
"type": 3,
"api": "csp_Bili",
"searchable": 1,
"quickSearch": 0,
"filterable": 0,
"ext": "https://dxawi.github.io/1/json/bilibili.json"
},
{
"key": "csp_WoGG",
"name": "来自饭太硬(阿里)",
"type": 3,
"api": "csp_WoGG",
"searchable": 1,
"quickSearch": 1,
"filterable": 1,
"ext": "http://127.0.0.1:9978/file/tvfan/token.txt"
},
{
"key": "农民",
"name": "农民",
"type": 3,
"api": "csp_Nmys",
"searchable": 1,
"quickSearch": 1,
"filterable": 1,
"ext": "https://dxawi.github.io/1/json/nm.json"
},
{
"key": "csp_YQKAPP",
"name": "一起看",
"type": 3,
"api": "csp_YQKAPP",
"playerType": 2,
"searchable": 1,
"quickSearch": 1,
"filterable": 1,
"ext": "https://api-aws.11ty.top"
},
{
"key": "csp_AppTT",
"name": "图图",
"type": 3,
"api": "csp_AppTT",
"searchable": 1,
"quickSearch": 1,
"filterable": 1,
"ext": "dldYWXFObkhNTWlsV1pMdFNSSyN0ME1JdzVJQVJyY3I=$$$Q2hpbko5UzdvNnNZbU1WTQ==$$$aHR0cDovL2FwaS50dDU4LnR2L2NvbmZpZy9uZXd0di5qc29uP3NzPQ=="
},
{
"key": "csp_kuaikan",
"name": "快看",
"type": 3,
"api": "csp_Kuaikan",
"searchable": 1,
"quickSearch": 1,
"filterable": 1
},
{
"key": "csp_77",
"name": "七七",
"type": 3,
"api": "csp_Kunyu77",
"searchable": 1,
"quickSearch": 1,
"filterable": 1
},
{
"key": "csp_Czsapp",
"name": "厂长",
"type": 3,
"api": "csp_Czsapp",
"playerType": 2,
"searchable": 1,
"quickSearch": 1,
"filterable": 1
},
{
"key": "csp_DiDuan",
"name": "低端",
"type": 3,
"api": "csp_Ddrk",
"searchable": 1,
"quickSearch": 1,
"filterable": 0
},
{
"key": "csp_Xinsj",
"name": "新视觉",
"type": 3,
"api": "csp_Xinsj",
"searchable": 1,
"quickSearch": 1,
"filterable": 1,
"ext": "https://www.6080dy3.com"
},
{
"key": "csp_BuLei",
"name": "布雷",
"type": 3,
"api": "csp_BuLei",
"searchable": 1,
"quickSearch": 1,
"filterable": 1,
"ext": "http://v.ilime.cc$$$login$$$dxawi111$$$dxawi111"
},
{
"key": "csp_Lib",
"name": "Libvio",
"type": 3,
"api": "csp_Libvio",
"searchable": 1,
"quickSearch": 1,
"filterable": 1,
"ext": "https://tv.libvio.cc/"
},
{
"key": "csp_AppMr",
"name": "明明",
"type": 3,
"api": "csp_AppMr",
"searchable": 1,
"quickSearch": 1,
"filterable": 1
},
{
"key": "csp_Dy1010",
"name": "1010",
"type": 3,
"api": "csp_Dy1010",
"searchable": 1,
"quickSearch": 1,
"filterable": 1
},
{
"key": "csp_Paper",
"name": "小纸条(阿里)",
"type": 3,
"api": "csp_Paper",
"searchable": 1,
"quickSearch": 1,
"filterable": 1,
"changeable": 0,
"ext": "http://127.0.0.1:9978/file/tvfan/token.txt"
},
{
"key": "YiSo",
"name": "一搜(阿里)",
"type": 3,
"api": "csp_YiSo",
"searchable": 1,
"quickSearch": 1,
"filterable": 0,
"changeable": 0,
"ext": "http://127.0.0.1:9978/file/tvfan/token.txt"
},
{
"key": "csp_zxzj",
"name": "在线",
"type": 3,
"api": "csp_Zxzj",
"searchable": 1,
"quickSearch": 1,
"filterable": 1,
"ext": "https://www.zxzj.pro/"
},
{
"key": "csp_zxzjH3",
"name": "在线H3",
"type": 3,
"api": "csp_ZxzjH3",
"searchable": 1,
"quickSearch": 1,
"filterable": 1,
"ext": "https://www.zxzj.pro/"
},
{
"key": "csp_fantuan",
"name": "饭团",
"type": 3,
"api": "csp_Fantuan",
"searchable": 1,
"quickSearch": 1,
"filterable": 1,
"ext": "https://www.fantuanhd.com"
},
{
"key": "csp_apple",
"name": "小苹果",
"type": 3,
"api": "csp_LiteApple",
"playerType": 1,
"searchable": 1,
"quickSearch": 1,
"filterable": 1
},
{
"key": "csp_Bd",
"name": "哔嘀",
"type": 3,
"api": "csp_Bdys01",
"playerType": 1,
"searchable": 1,
"quickSearch": 1,
"filterable": 1
},
{
"key": "csp_panghu",
"name": "胖虎",
"type": 3,
"api": "csp_Panghu",
"searchable": 1,
"quickSearch": 1,
"filterable": 1
},
{
"key": "csp_Vofl",
"name": "Vofl",
"type": 3,
"api": "csp_Voflix",
"searchable": 1,
"quickSearch": 1,
"filterable": 1
},
{
"key": "csp_Auete",
"name": "Auete",
"type": 3,
"api": "csp_Auete",
"searchable": 1,
"quickSearch": 1,
"filterable": 1
},
{
"key": "csp_Cokemv",
"name": "Cokemv",
"type": 3,
"api": "csp_Cokemv",
"playerType": 2,
"searchable": 1,
"quickSearch": 1,
"filterable": 1
},
{
"key": "csp_Smdyy",
"name": "神马",
"type": 3,
"api": "csp_Smdyy",
"searchable": 1,
"quickSearch": 1,
"filterable": 1
},
{
"key": "Dm84",
"name": "动漫",
"type": 3,
"api": "csp_Dm84",
"searchable": 1,
"quickSearch": 1,
"filterable": 1
},
{
"key": "csp_555",
"name": "三个五",
"type": 3,
"api": "csp_Ys555",
"searchable": 1,
"quickSearch": 1,
"filterable": 1,
"ext": "https://www.555dyy1.com"
},
{
"key": "csp_Lgyy",
"name": "蓝光",
"type": 3,
"api": "csp_Lgyy",
"searchable": 1,
"quickSearch": 1,
"filterable": 1,
"ext": "https://www.lgyy.vip"
},
{
"key": "csp_Ysgc",
"name": "工厂",
"type": 3,
"api": "csp_Ysgc",
"searchable": 1,
"quickSearch": 1,
"filterable": 1,
"ext": "https://www.ysgc.fun"
},
{
"key": "csp_MeiJu69",
"name": "69美剧",
"api": "csp_AppYsV2",
"type": 3,
"filterable": 1,
"quickSearch": 1,
"searchable": 1,
"ext": "https://www.69mj.com/xgapp.php/v2/"
},
{
"key": "csp_SP33",
"name": "360(解析)",
"type": 3,
"api": "csp_SP33",
"searchable": 1,
"quickSearch": 1,
"filterable": 1,
"changeable": 0
},
{
"key": "Qtv",
"name": "企鹅(解析)",
"type": 3,
"api": "csp_Qtv",
"searchable": 1,
"quickSearch": 1,
"filterable": 1,
"changeable": 0
},
{
"key": "Itv",
"name": "奇异果(解析)",
"type": 3,
"api": "csp_Itv",
"quickSearch": 1,
"searchable": 1,
"filterable": 1,
"changeable": 0
},
{
"key": "Mtv",
"name": "芒果(解析)",
"type": 3,
"api": "csp_Mtv",
"searchable": 1,
"quickSearch": 1,
"filterable": 1,
"changeable": 0
},
{
"key": "PanSou",
"name": "盘搜(阿里)",
"type": 3,
"api": "csp_PanSou",
"searchable": 1,
"quickSearch": 1,
"filterable": 0,
"changeable": 0,
"ext": "http://127.0.0.1:9978/file/tvfan/token.txt"
},
{
"key": "UpYun",
"name": "云搜(阿里)",
"type": 3,
"api": "csp_UpYun",
"searchable": 1,
"quickSearch": 1,
"filterable": 0,
"changeable": 0,
"ext": "http://127.0.0.1:9978/file/tvfan/token.txt"
},
{
"key": "push_agent",
"name": "推送(阿里)",
"type": 3,
"api": "csp_Push",
"searchable": 0,
"quickSearch": 0,
"filterable": 0,
"ext": "http://127.0.0.1:9978/file/tvfan/token.txt"
},
{
"key": "csp_Nbys",
"name": "泥视频(墙外)",
"type": 3,
"api": "csp_NiNi",
"searchable": 1,
"quickSearch": 1,
"filterable": 1
},
{
"key": "csp_Biliych",
"name": "哔哔演唱会",
"type": 3,
"api": "csp_Bili",
"searchable": 1,
"quickSearch": 0,
"filterable": 1,
"ext": "https://dxawi.github.io/1/json/biliych.json"
},
{
"key": "dr_兔小贝",
"name": "儿童启蒙",
"type": 3,
"api": "https://ftyyy.tk/JS/lib/drpy.min.js",
"ext": "http://ftyyy.tk/JS/js/兔小贝.js",
"searchable": 0,
"quickSearch": 0,
"filterable": 0
},
{
"key": "课堂教育",
"name": "课堂教育",
"type": 3,
"api": "csp_Bili",
"searchable": 0,
"quickSearch": 0,
"filterable": 1,
"ext": "https://dxawi.github.io/1/json/xx1.json"
},
{
"key": "少儿教育",
"name": "少儿教育",
"type": 3,
"api": "csp_Bili",
"searchable": 0,
"quickSearch": 0,
"filterable": 1,
"ext": "https://dxawi.github.io/1/json/xx2.json"
},
{
"key": "小学课堂",
"name": "小学课堂",
"type": 3,
"api": "csp_Bili",
"searchable": 0,
"quickSearch": 0,
"filterable": 1,
"ext": "https://dxawi.github.io/1/json/xx3.json"
},
{
"key": "初中课堂",
"name": "初中课堂",
"type": 3,
"api": "csp_Bili",
"searchable": 0,
"quickSearch": 0,
"filterable": 1,
"ext": "https://dxawi.github.io/1/json/xx4.json"
},
{
"key": "高中教育",
"name": "高中课堂",
"type": 3,
"api": "csp_Bili",
"searchable": 0,
"quickSearch": 0,
"filterable": 1,
"ext": "https://dxawi.github.io/1/json/xx5.json"
}
],
"lives": [
{
"name": "live",
"type": 0,
"url": "https://dxawi.github.io/0/tvlive.txt"
}
],
"parses": [
{
"name": "聚合",
"type": 3,
"url": "Demo"
},
{
"name": "并发",
"type": 2,
"url": "Parallel"
},
{
"name": "轮询",
"type": 2,
"url": "Sequence"
},
{
"name": "777",
"type": 0,
"url": "https://jx.777jiexi.com/player/?url="
},
{
"name": "bozrc",
"type": 0,
"url": "https://jx.bozrc.com:4433/player/?url=",
"ext": {
"flag": [
"qq",
"腾讯",
"qiyi",
"爱奇艺",
"奇艺",
"youku",
"优酷",
"mgtv",
"芒果",
"letv",
"leshi",
"LS",
"pptv",
"PPTV",
"sohu",
"bilibili",
"哔哩哔哩",
"哔哩"
],
"header": {
"User-Agent": ""
}
}
},
{
"name": "jsonplayer",
"type": 0,
"url": "https://jx.jsonplayer.com/player/?url="
},
{
"name": "xmflv",
"type": 0,
"url": "https://jx.xmflv.com/?url="
},
{
"name": "yemu",
"type": 0,
"url": "https://www.yemu.xyz/?url="
}
],
"flags": [
"youku",
"qq",
"iqiyi",
"qiyi",
"letv",
"sohu",
"tudou",
"pptv",
"mgtv",
"wasu",
"bilibili",
"csm3u8",
"QQ",
"PPTV",
"ltnb",
"rx",
"CL4K",
"xfyun",
"wuduzy",
"renrenmi",
"xmm",
"xigua",
"m1905",
"funshion",
"优酷",
"芒果",
"腾讯",
"爱奇艺",
"奇艺",
"哔哩哔哩",
"哔哩"
],
"ijk": [
{
"group": "软解码",
"options": [
{
"category": 4,
"name": "opensles",
"value": "0"
},
{
"category": 4,
"name": "overlay-format",
"value": "842225234"
},
{
"category": 4,
"name": "framedrop",
"value": "1"
},
{
"category": 4,
"name": "soundtouch",
"value": "1"
},
{
"category": 4,
"name": "start-on-prepared",
"value": "1"
},
{
"category": 1,
"name": "http-detect-range-support",
"value": "0"
},
{
"category": 1,
"name": "fflags",
"value": "fastseek"
},
{
"category": 2,
"name": "skip_loop_filter",
"value": "48"
},
{
"category": 4,
"name": "reconnect",
"value": "1"
},
{
"category": 4,
"name": "enable-accurate-seek",
"value": "0"
},
{
"category": 4,
"name": "mediacodec",
"value": "0"
},
{
"category": 4,
"name": "mediacodec-auto-rotate",
"value": "0"
},
{
"category": 4,
"name": "mediacodec-handle-resolution-change",
"value": "0"
},
{
"category": 4,
"name": "mediacodec-hevc",
"value": "0"
},
{
"category": 1,
"name": "dns_cache_timeout",
"value": "600000000"
}
]
},
{
"group": "硬解码",
"options": [
{
"category": 4,
"name": "opensles",
"value": "0"
},
{
"category": 4,
"name": "overlay-format",
"value": "842225234"
},
{
"category": 4,
"name": "framedrop",
"value": "1"
},
{
"category": 4,
"name": "soundtouch",
"value": "1"
},
{
"category": 4,
"name": "start-on-prepared",
"value": "1"
},
{
"category": 1,
"name": "http-detect-range-support",
"value": "0"
},
{
"category": 1,
"name": "fflags",
"value": "fastseek"
},
{
"category": 2,
"name": "skip_loop_filter",
"value": "48"
},
{
"category": 4,
"name": "reconnect",
"value": "1"
},
{
"category": 4,
"name": "enable-accurate-seek",
"value": "0"
},
{
"category": 4,
"name": "mediacodec",
"value": "1"
},
{
"category": 4,
"name": "mediacodec-auto-rotate",
"value": "1"
},
{
"category": 4,
"name": "mediacodec-handle-resolution-change",
"value": "1"
},
{
"category": 4,
"name": "mediacodec-hevc",
"value": "1"
},
{
"category": 1,
"name": "dns_cache_timeout",
"value": "600000000"
}
]
}
],
"ads": [
"https://lf1-cdn-tos.bytegoofy.com/obj/tos-cn-i-dy/455ccf9e8ae744378118e4bd289288dd",
"mimg.0c1q0l.cn",
"www.googletagmanager.com",
"www.google-analytics.com",
"mc.usihnbcq.cn",
"mg.g1mm3d.cn",
"mscs.svaeuzh.cn",
"cnzz.hhttm.top",
"tp.vinuxhome.com",
"cnzz.mmstat.com",
"www.baihuillq.com",
"s23.cnzz.com",
"z3.cnzz.com",
"c.cnzz.com",
"stj.v1vo.top",
"z12.cnzz.com",
"img.mosflower.cn",
"tips.gamevvip.com",
"ehwe.yhdtns.com",
"xdn.cqqc3.com",
"www.jixunkyy.cn",
"sp.chemacid.cn",
"hm.baidu.com",
"s9.cnzz.com",
"z6.cnzz.com",
"um.cavuc.com",
"mav.mavuz.com",
"wofwk.aoidf3.com",
"z5.cnzz.com",
"xc.hubeijieshikj.cn",
"tj.tianwenhu.com",
"xg.gars57.cn",
"k.jinxiuzhilv.com",
"cdn.bootcss.com",
"ppl.xunzhuo123.com",
"xomk.jiangjunmh.top",
"img.xunzhuo123.com",
"z1.cnzz.com",
"s13.cnzz.com",
"xg.huataisangao.cn",
"z7.cnzz.com",
"xg.huataisangao.cn",
"z2.cnzz.com",
"s96.cnzz.com",
"q11.cnzz.com",
"thy.dacedsfa.cn",
"xg.whsbpw.cn",
"s19.cnzz.com",
"z8.cnzz.com",
"s4.cnzz.com",
"f5w.as12df.top",
"ae01.alicdn.com",
"www.92424.cn",
"k.wudejia.com",
"vivovip.mmszxc.top",
"qiu.xixiqiu.com",
"cdnjs.hnfenxun.com",
"cms.qdwght.com"
],
"wallpaper": "https://dxawi.github.io/1/json/colorful.png",
"spider": "https://dxawi.github.io/1/jar/cc.jar;md5;e911ef9b3f3c5101a90cdfd022f566f0"
}
